{
  "prefets": [
    {
      "nom": "Père Wittebols",
      "mandat": "1939 - 1948",
      "titre": "Préfet Fondateur",
      "description": "A posé les fondations académiques et disciplinaires du collège, instaurant une culture d'excellence et de rigueur qui perdure aujourd'hui."
    },
    {
      "nom": "Père Neises",
      "mandat": "1948 - 1957",
      "titre": "L'Ère de la Modernisation",
      "description": "A introduit les nouvelles technologies dans l'enseignement et développé les programmes d'échanges internationaux."
    },
    {
      "nom": "Père Roelants Rébelion",
      "mandat": "1964 - 1965",
      "titre": "Le Développement Humain",
      "description": "A mis l'accent sur le bien-être des élèves et la vie parascolaire."
    },
    {
      "nom": "Père Lommel",
      "mandat": "1885 - Présent",
      "titre": "Vision pour l'Avenir",
      "description": "Prépare le collège aux défis du 21e siècle, en se concentrant sur le développement durable et l'innovation pédagogique."
    },
    {
      "nom": "M. Jean Dupont",
      "mandat": "2000 - 2008",
      "titre": "Renforcement Académique",
      "description": "Renforcement des programmes et amélioration des résultats scolaires."
    },
    {
      "nom": "Mme. Marie Martin",
      "mandat": "2008 - 2015",
      "titre": "Modernisation & Internationalisation",
      "description": "Introduction d'échanges internationaux et digitalisation partielle."
    },
    {
      "nom": "M. Paul Bernard",
      "mandat": "2015 - 2022",
      "titre": "Développement Humain",
      "description": "Focus sur le bien-être des élèves et les activités parascolaires."
    },
    {
      "nom": "M. Alain Robert",
      "mandat": "2022 - Présent",
      "titre": "Vision 2030",
      "description": "Innovation pédagogique et transition vers des pratiques durables."
    }
  ]
}